{"type0_mra": 0.5122362869198313, "type2_mra": 0.33463687150837995, "type1_accuracy": 0.5348837209302325, "type3_accuracy": 0.5217391304347826, "type4_accuracy": 0.5528455284552846, "type5_accuracy": 0.5076923076923077}