{"type0_mra": 0.6368421052631578, "type2_mra": 0.43888888888888894, "type1_accuracy": 0.6696428571428571, "type3_accuracy": 0.7878787878787878, "type4_accuracy": 0.4605263157894737, "type5_accuracy": 0.4423076923076923}