{"type0_mra": 0.5591966173361522, "type2_mra": 0.33221288515406155, "type1_accuracy": 0.8470588235294118, "type3_accuracy": 0.8913043478260869, "type4_accuracy": 0.8489795918367347, "type5_accuracy": 0.4671814671814672}