{"type0_mra": 0.5213530655391126, "type2_mra": 0.09299719887955181, "type1_accuracy": 0.7294117647058823, "type3_accuracy": 0.6956521739130435, "type4_accuracy": 0.6816326530612244, "type5_accuracy": 0.39768339768339767}